Client_id,company_name,adress,country,segment
1,Dynamic Dynamics,0487 Hull Village Suite 759,Bulgaria,medium
2,Zenith Dynamics,242 Christine Glen,Serbia,medium
3,Infinity Corp,1157 Michael Island,"Bonaire, Sint Eustatius and Saba",medium
4,Global Holdings,778 Brown Plaza,Cambodia,small
5,Mega Trucks,60975 Jessica Squares,Gibraltar,medium
6,Ultra Automotive,93328 Davis Island,Eswatini,big
7,Elite Industries,48418 Olsen Plains Apt. 989,South Africa,small
8,Super Fleet,1965 Kelly Field Apt. 094,Bermuda,small
9,Nova Machines,12201 Massey Pine Suite 833,Fiji,big
10,Advanced Transport,477 Miller Ridge Apt. 795,Cameroon,big
11,Precision Engineering,04135 Marvin Via,South Sudan,small
12,Ultra Developments,23098 Anthony Roads,Madagascar,big
13,Mega Dynamics,916 Mitchell Crescent,Bermuda,medium
14,Dynamic Vehicles,032 Timothy Stream,Maldives,medium
15,Iron Corp,086 Mary Cliff,United States,medium
16,Rapid Autoworks,45620 Williams Courts,Uzbekistan,big
17,Auto Enterprises,45792 Tammy Centers Apt. 258,Congo,medium
18,Global Enterprises,97207 Mccullough Well Suite 564,Western Sahara,small
19,Fusion Tech,071 Stevenson Plains,Bermuda,small
20,Power Systems,37594 Garza Roads Apt. 466,Nauru,big
21,Revolution Dynamics,93523 Dana Lane,Kyrgyzstan,small
22,Ultra Transport,69602 Brown Squares Apt. 787,United Arab Emirates,small
23,Elite Innovations,75470 Lopez Roads,Kenya,big
24,Future Manufacturing,206 Stewart Forest,Libya,small
25,Mega Machines,089 James Rest,Sao Tome and Principe,big
26,Global Mechanics,4217 Burton Brooks,Solomon Islands,small
27,Titan Innovations,1428 Wilson Drives Suite 000,Nicaragua,medium
28,Auto Performance,485 Mays Vista,Ethiopia,big
29,Elite Technologies,977 Watson Plain,Cocos (Keeling) Islands,small
30,Zenith Corp,69402 Joseph Junction,Saint Pierre and Miquelon,small
31,Titan Industries,159 Blake Estates Apt. 945,Belgium,big
32,Zenith Systems,241 Cross Causeway Suite 281,Holy See (Vatican City State),medium
33,Velocity Autoworks,5461 Ann Orchard Suite 551,Sri Lanka,small
34,Quantum Performance,76045 Samantha Road Suite 111,Cuba,medium
35,Hyper Transport,306 Corey Point,Bermuda,medium
36,Velocity Corp,7936 Micheal Green Apt. 635,United Arab Emirates,small
37,Revolution Enterprises,08731 Sanders Fords,Wallis and Futuna,small
38,Iron Transport,92137 Ward Views,Mauritius,big
39,Titan Corp,97296 Rich Park,Vanuatu,big
40,Quantum Industries,7389 Alec Squares Suite 508,Belarus,big
41,Auto Solutions,9269 Robbins Valley,Western Sahara,small
42,Super Transport,18013 Billy Bridge Suite 522,Saint Lucia,big
43,Precision Performance,8688 Audrey Springs Apt. 634,Montenegro,medium
44,Fusion Innovations,6993 Diane Alley Apt. 489,Seychelles,big
45,Dynamic Systems,1744 Cruz Lights Apt. 223,Peru,big
46,Auto Systems,500 Butler Overpass Apt. 256,Niue,medium
47,Super Solutions,767 Craig Tunnel,Trinidad and Tobago,medium
48,Global Technologies,09925 Isabel Run,Togo,medium
49,Zenith Autoworks,67109 Mendez Junction Apt. 942,Algeria,medium
50,NextGen Enterprises,1830 Wallace Throughway Apt. 751,Denmark,medium
51,Auto Works,74089 Jerry Trail,Belize,big
52,Iron Developments,412 Snow Manors Apt. 161,Iceland,small
53,Zenith Trucks,2076 Johnson Way,Holy See (Vatican City State),small
54,Mega Engineering,415 David Square Apt. 552,Viet Nam,small
55,NextGen Transport,51923 Jamie Spring,Kazakhstan,small
56,Turbo Manufacturing,045 Sarah Fort,Luxembourg,big
57,Speed Holdings,71754 Anthony Fords,Tokelau,small
58,Nova Enterprises,7448 White Common Apt. 894,Mongolia,small
59,Iron Autoworks,2235 Joel Ferry,Fiji,big
60,Fusion Fleet,6029 Phillip Squares Apt. 264,Belize,small
61,Power Transport,296 Walsh Corner Apt. 758,Oman,small
62,Pinnacle Innovations,6065 Harris Hill,Singapore,small
63,Revolution Manufacturing,21418 Laura Mission Suite 266,France,small
64,Future Motors,75825 Welch Corners,Georgia,medium
65,Iron Mechanics,40797 Jeffery Crescent Suite 892,Mauritania,medium
66,Global Solutions,717 Amy Lodge Suite 014,Sint Maarten (Dutch part),medium
67,Speed Innovations,46896 Garcia Glen,Slovenia,small
68,Velocity Corp,3910 Laura Inlet Suite 183,Haiti,small
69,Nova Autoworks,64482 Amanda Loop,Guam,medium
70,Mega Designs,447 Carroll Dam Apt. 116,El Salvador,big
71,Iron Performance,728 Gomez Mountains Suite 377,Macao,medium
72,Pinnacle Mechanics,0742 Williams Road Apt. 057,France,big
73,Nova Innovations,81160 Williams River Apt. 443,Jordan,medium
74,Titan Works,431 Murray Isle,Georgia,small
75,Iron Dynamics,56627 Alexandria Curve Apt. 275,Vanuatu,small
76,Speed Manufacturing,7633 Bentley Radial Apt. 603,Iceland,big
77,Velocity Enterprises,50239 Salazar Squares,Bangladesh,small
78,Iron Industries,6708 Carpenter Overpass Suite 735,Serbia,big
79,Super Works,00250 Pena Dam Apt. 639,Puerto Rico,medium
80,Quantum Autoworks,373 Franklin Rest Apt. 558,Romania,medium
81,Hyper Works,4080 Miguel Fords Suite 334,Spain,small
82,Speed Fleet,8647 Wiggins Garden Apt. 481,Niger,medium
83,Fusion Cars,7706 Stevens Crest,Gambia,big
84,Hyper Holdings,31263 Salazar Viaduct,Svalbard and Jan Mayen,small
85,Fusion Tech,602 Tracy Crossroad Suite 556,"Palestine, State of",medium
86,Revolution Industries,498 Jennifer Tunnel,China,big
87,Turbo Corp,978 Nelson Brook Apt. 912,Madagascar,big
88,Elite Motors,34088 Trevino Crossing Suite 419,Iceland,big
89,Ultra Manufacturing,84331 Leonard Fort Suite 749,"Virgin Islands, British",big
90,Turbo Systems,08855 Lisa Wells,United States,medium
91,Velocity Motors,28123 Hudson Square Apt. 323,Heard Island and McDonald Islands,medium
92,Zenith Works,9927 Christina Burg Suite 774,Argentina,medium
93,NextGen Innovations,82778 Padilla Common,Syrian Arab Republic,medium
94,Future Engineering,96354 Acevedo Fords Apt. 535,Haiti,small
95,NextGen Automotive,345 Kevin Knolls Apt. 250,"Palestine, State of",small
96,Elite Developments,003 Alexander Shoal Suite 105,Mexico,medium
97,Global Automotive,37625 Thompson Isle Suite 606,Sri Lanka,big
98,Zenith Manufacturing,870 Robert Loaf Apt. 082,Viet Nam,big
99,NextGen Mechanics,53230 Julia Villages,Kiribati,big
100,Future Fleet,169 Christine Mount,Curaçao,small
101,NextGen Tech,904 Shaffer Street,Romania,small
102,Titan Automotive,07154 Stephen Parkways Suite 265,North Macedonia,small
103,Quantum Developments,6048 Pierce Bypass Suite 076,Eswatini,small
104,Nova Innovations,5700 Singh Bypass,Chile,small
105,Revolution Technologies,943 Hughes Village Suite 319,Nigeria,big
106,Rapid Automotive,98522 Mathis Viaduct Apt. 909,Nigeria,small
107,Global Vehicles,5445 Patton Rapid,Ireland,medium
108,Power Innovations,02907 Matthew Branch Suite 493,"Micronesia, Federated States of",big
109,Quantum Systems,642 Bryan Route,Jordan,medium
110,Elite Works,188 Fischer Grove,Anguilla,big
111,Future Transport,0644 Branch Field Suite 208,Central African Republic,medium
112,Turbo Innovations,965 Herring Points,Kazakhstan,small
113,Global Machines,930 Rice Estate Apt. 570,Philippines,big
114,Pro Corp,342 Miller Mission,Martinique,small
115,Quantum Designs,781 Frank Circles,Afghanistan,small
116,Infinity Automotive,644 Macias Trail Suite 951,Uzbekistan,small
117,NextGen Mechanics,70436 Graham Roads Suite 097,Equatorial Guinea,big
118,Pinnacle Autoworks,294 Short Locks Suite 820,Cocos (Keeling) Islands,big
119,Revolution Industries,550 James Creek,Norfolk Island,small
120,NextGen Designs,50562 Russell Divide Apt. 648,Russian Federation,small
121,Hyper Corp,22708 Madison Spurs,"Iran, Islamic Republic of",big
122,Speed Transport,59118 Lisa Flats Suite 544,Somalia,big
123,Velocity Developments,78209 Darlene Bypass Suite 137,Sweden,big
124,NextGen Vehicles,8252 Ingram Centers,Barbados,big
125,Advanced Fleet,501 Ronald Knoll,Hungary,small
126,Nova Corp,6851 Logan Brooks Apt. 205,Andorra,small
127,Quantum Works,60460 Michael Village,Jamaica,big
128,Titan Fleet,0759 Chambers Port,"Congo, The Democratic Republic of the",medium
129,Velocity Holdings,2074 Stacy Circles Suite 110,Uganda,medium
130,Evo Corp,26905 Gibbs Summit Suite 710,Heard Island and McDonald Islands,small
131,Titan Holdings,0811 Howard Courts Suite 028,Benin,small
132,Turbo Autoworks,06528 Ethan Tunnel Apt. 395,"Iran, Islamic Republic of",big
133,NextGen Machines,6033 Murphy Freeway,Pitcairn,big
134,Zenith Automotive,26759 Paul Trail Apt. 290,Curaçao,big
135,Infinity Fleet,220 Madison Pass Apt. 001,Peru,medium
136,Rapid Designs,60669 Dawson Dam,Azerbaijan,small
137,Iron Tech,386 David Port Suite 166,Saint Vincent and the Grenadines,medium
138,Speed Technologies,6363 Sanders Prairie,Saint Pierre and Miquelon,big
139,Power Works,4858 Cassandra Tunnel,Bosnia and Herzegovina,small
140,Pinnacle Developments,40956 Amanda Walk Apt. 260,French Southern Territories,small
141,Turbo Technologies,661 Munoz Estates Apt. 576,Hong Kong,medium
142,Titan Enterprises,481 Reed Road,Latvia,small
143,Velocity Vehicles,8034 Jennifer Islands Suite 604,Zimbabwe,big
144,Dynamic Tech,64635 David Ridge Suite 206,Portugal,big
145,Titan Technologies,1168 Gary Fords Apt. 308,"Virgin Islands, British",small
146,Zenith Designs,5945 Leah Walk,Suriname,big
147,Ultra Trucks,2585 Rhonda Streets Suite 365,Puerto Rico,medium
148,Super Tech,8466 Frances Drives Apt. 099,Norfolk Island,big
149,Ultra Industries,399 Joseph Street,Portugal,small
150,Ultra Solutions,1001 Roth Orchard,Faroe Islands,medium
151,Power Innovations,75947 Sandra Points Apt. 820,French Polynesia,big
152,Prime Enterprises,693 Erickson Lodge,Pakistan,big
153,Power Corp,92627 Sabrina Unions Apt. 965,Sudan,small
154,Speed Transport,707 Joseph Parkways,Bermuda,small
155,Zenith Innovations,674 Jerry Lakes Apt. 492,Luxembourg,medium
156,Global Transport,17696 Joseph Forks Apt. 425,"Moldova, Republic of",big
157,Zenith Vehicles,02983 Antonio Lodge,Bangladesh,medium
158,Hyper Technologies,178 Baxter Junctions Apt. 033,Colombia,small
159,NextGen Trucks,4307 Arroyo Pass Suite 114,Italy,medium
160,Advanced Autoworks,56234 Julia Orchard Suite 469,Ireland,big
161,Evo Industries,65873 Chen Knolls,Andorra,small
162,Fusion Trucks,5641 Berger Crest Suite 253,Mauritius,small
163,Nova Autoworks,7316 Marshall Mountain,Greenland,big
164,Fusion Solutions,684 Hall Path,Jamaica,big
165,Auto Dynamics,75636 Barbara Canyon,Côte d'Ivoire,big
166,Rapid Industries,43521 Laura Lakes Apt. 300,Argentina,medium
167,Rapid Fleet,021 Christopher Mountain Apt. 089,Papua New Guinea,big
168,Quantum Transport,82336 Wells Alley Suite 360,Bhutan,medium
169,Super Transport,95557 Caitlin Course Suite 114,United States Minor Outlying Islands,small
170,Super Machines,292 Clark Shoals,American Samoa,medium
171,Pro Motors,68818 Heather Mountains Apt. 877,Jersey,medium
172,Hyper Dynamics,8526 Bennett Port,Cook Islands,big
173,Evo Cars,73576 Sergio Avenue Suite 736,Spain,medium
174,Rapid Mechanics,7723 Campbell Shoal,Nauru,big
175,Pro Transport,281 Kevin Path Apt. 025,Yemen,medium
176,Prime Corp,9276 Robert Fields,Guyana,medium
177,Apex Holdings,0583 White Plains,Sint Maarten (Dutch part),medium
178,Elite Motors,97939 Johnson Oval Suite 830,Mali,medium
179,Dynamic Performance,23793 Michelle Throughway,Cameroon,medium
180,Evo Performance,457 Frank Point Suite 767,Luxembourg,medium
181,Apex Technologies,1231 Stephanie Lock Suite 835,Algeria,big
182,Power Autoworks,63169 Fernandez Roads,Saint Pierre and Miquelon,medium
183,Titan Mechanics,287 James Plain,Pitcairn,medium
184,Quantum Transport,97036 Collins Summit,Belize,medium
185,Future Enterprises,90985 Steven Creek,Netherlands,small
186,Global Works,3668 Perez Ramp Suite 102,British Indian Ocean Territory,small
187,Titan Transport,997 Stephanie Pine Suite 656,Jersey,medium
188,Mega Tech,69220 Janice Gateway,Malawi,medium
189,Zenith Autoworks,446 Maurice Landing,Myanmar,medium
190,Quantum Designs,880 Robertson Bridge,Romania,small
191,Turbo Machines,0452 Forbes Courts,Cayman Islands,small
192,Zenith Fleet,49181 Todd Pike Apt. 518,China,small
193,Turbo Fleet,36397 Moore Stravenue,Barbados,small
194,Super Vehicles,337 Terrell Harbor Apt. 154,Uzbekistan,big
195,NextGen Enterprises,19041 Jennifer Flats Suite 716,Cambodia,big
196,Rapid Vehicles,19752 Allen Mews Suite 000,Northern Mariana Islands,big
197,Dynamic Innovations,55840 Melissa Square Apt. 490,Dominica,medium
198,Precision Tech,4934 Lozano Place Suite 716,Martinique,medium
199,Global Innovations,80376 John Inlet Apt. 227,Pitcairn,small
200,Zenith Vehicles,8618 Vincent Grove,"Korea, Democratic People's Republic of",medium
201,Fusion Cars,7028 Harris Drive Apt. 422,Paraguay,medium
202,Titan Holdings,023 Schaefer Squares Apt. 382,"Virgin Islands, British",big
203,Ultra Transport,384 Jennifer Turnpike,Antarctica,small
204,Revolution Enterprises,62686 Paul Pine,United States Minor Outlying Islands,small
205,Global Holdings,21801 Suzanne Gardens Suite 746,Costa Rica,small
206,Infinity Corp,641 Brenda Streets Apt. 008,Kazakhstan,small
207,Pinnacle Designs,737 Carol Pass,Honduras,small
208,Velocity Machines,92555 Shaw Spurs Suite 207,Burundi,medium
209,Infinity Mechanics,657 Alexander Mountains,New Caledonia,small
210,Iron Trucks,559 Foster Locks Suite 933,"Micronesia, Federated States of",medium
211,Elite Innovations,48282 Stark Green Suite 478,Brunei Darussalam,small
212,NextGen Motors,347 Andrew Ranch,Belarus,medium
213,Ultra Developments,0329 Rebecca Shore,Isle of Man,medium
214,Pinnacle Trucks,400 Cathy Expressway Suite 367,Côte d'Ivoire,big
215,Evo Transport,1961 Kayla Bridge Suite 536,Qatar,big
216,Fusion Performance,2272 Willis Wall,Kiribati,small
217,Zenith Innovations,06902 Robert Isle,India,medium
218,Future Fleet,052 Werner Shoals,Belgium,big
219,Nova Transport,7954 Stephen Throughway Apt. 184,Sweden,medium
220,Evo Innovations,762 Miranda Spur Apt. 912,Armenia,big
221,Rapid Manufacturing,1644 Cynthia Pass Apt. 009,Hong Kong,big
222,NextGen Performance,16670 Welch Dam,United States,small
223,Evo Autoworks,693 Jason Burgs,Dominica,big
224,Mega Developments,628 Russell Village,Philippines,medium
225,Evo Tech,782 Dawn Radial,United Kingdom,medium
226,Revolution Cars,97444 Richard Branch,France,big
227,Speed Motors,104 Kendra Village,Iraq,big
228,Precision Manufacturing,50525 Christopher Fords,Togo,medium
229,Super Trucks,5778 Christopher Mill Suite 687,Chile,medium
230,Nova Technologies,132 Poole Pass Suite 212,Belarus,big
231,Infinity Manufacturing,69118 Cunningham Knoll,French Polynesia,medium
232,Hyper Mechanics,9597 Hall Parkway Apt. 655,"Virgin Islands, British",small
233,Turbo Tech,91715 Wang Gardens,North Macedonia,big
234,Iron Trucks,810 Williams Lakes,South Africa,big
235,Pinnacle Systems,4776 Lisa Trail,Samoa,medium
236,Fusion Mechanics,752 Kathleen Neck,Comoros,big
237,Super Developments,4973 Jasmine Road,Bangladesh,small
238,Power Industries,759 Good Port,Serbia,small
239,Fusion Systems,663 James Garden,United States Minor Outlying Islands,small
240,Hyper Cars,3895 Allen Junction,Greece,big
241,Prime Mechanics,3248 Amanda Station,Curaçao,small
242,Nova Trucks,7329 Jacobs Station,Réunion,big
243,Nova Transport,734 Hill Flats,Ukraine,big
244,Apex Cars,5003 Cassandra Estates Suite 148,Mozambique,medium
245,Pinnacle Works,765 Brown Crescent Apt. 524,Somalia,big
246,Pinnacle Developments,8675 Sophia Corners Apt. 180,Barbados,small
247,Quantum Developments,919 Andrew Turnpike Apt. 419,Netherlands,medium
248,Advanced Corp,299 Joshua Estate Apt. 932,Mozambique,medium
249,Prime Works,47429 Harris Dale,Timor-Leste,small
250,Elite Autoworks,39058 Gregory Throughway Suite 194,Montenegro,big
251,Quantum Industries,23906 Dustin Plain,Sri Lanka,medium
252,Speed Automotive,532 Stewart Mills,Dominican Republic,big
253,Fusion Automotive,431 Henry Knoll,Hungary,small
254,Velocity Technologies,48612 Wilson Ramp Apt. 827,Greece,big
255,Speed Developments,4832 Joseph Islands,Vanuatu,medium
256,Elite Corp,056 Dunn Trail Apt. 049,Guinea,big
257,Super Enterprises,963 Harris Corners Apt. 861,"Palestine, State of",big
258,Pinnacle Holdings,203 John Rapid Suite 618,Singapore,big
259,Rapid Industries,337 James Walks,Bhutan,small
260,Infinity Mechanics,293 Burke Way,Barbados,big
261,Turbo Manufacturing,790 Reed Trafficway Apt. 037,Chile,small
262,Super Systems,302 Shawn Course,Senegal,big
263,Quantum Designs,465 Wiley Corners Apt. 759,Saudi Arabia,medium
264,Iron Innovations,26307 Thomas Vista,Heard Island and McDonald Islands,small
265,Global Motors,218 Flores Stream Apt. 533,Cambodia,medium
266,Nova Vehicles,666 Douglas Club Suite 283,Somalia,small
267,Precision Innovations,2929 Baker Forest Apt. 227,Tonga,small
268,Hyper Tech,04791 Holland Courts Apt. 738,"Bolivia, Plurinational State of",big
269,Rapid Manufacturing,91749 Park Underpass,Cuba,small
270,Advanced Technologies,31982 Santos Road Apt. 032,Burkina Faso,medium
271,Zenith Systems,299 Carlos Harbors,"Tanzania, United Republic of",small
272,Fusion Fleet,9794 Braun Station,Panama,small
273,Ultra Tech,70554 Myers Brooks,Kyrgyzstan,small
274,Revolution Technologies,331 John Pike Apt. 750,Mexico,medium
275,Pinnacle Manufacturing,9882 Baldwin Shoal Suite 341,Bosnia and Herzegovina,medium
276,Iron Holdings,434 Miller Drive Suite 067,Nigeria,medium
277,Velocity Works,489 Mcdonald Ville,United Kingdom,medium
278,Pro Automotive,04164 Todd Mountains,Pitcairn,small
279,Fusion Industries,629 Adams Well Apt. 035,Cyprus,big
280,Prime Tech,106 Morris Stravenue Apt. 562,Russian Federation,medium
281,Quantum Enterprises,57725 Sweeney Lodge,Christmas Island,small
282,Turbo Vehicles,118 Anderson Bridge Suite 736,Australia,small
283,Prime Holdings,0492 Ramirez Crossing,Türkiye,small
284,Future Technologies,20155 Bradford Gardens Suite 974,French Polynesia,small
285,Auto Mechanics,6010 Mark Fords,Romania,medium
286,Hyper Corp,184 Curtis Ridges Suite 031,"Tanzania, United Republic of",medium
287,Turbo Performance,2274 Scott Village,Gibraltar,medium
288,Nova Holdings,601 Kyle Roads,Paraguay,big
289,NextGen Cars,46379 Lopez Route Apt. 969,Brazil,small
290,Nova Designs,5857 Gilmore Stravenue,Central African Republic,small
291,Power Technologies,4223 Morris Brooks Suite 794,Libya,big
292,Rapid Motors,17823 Bean Rapids,Cabo Verde,small
293,Pro Performance,207 Mcclain Turnpike Suite 503,French Guiana,medium
294,Speed Fleet,72188 Austin Fords,New Caledonia,small
295,Fusion Enterprises,0875 James Hill,Romania,medium
296,Ultra Corp,8410 Michael Row Suite 634,El Salvador,small
297,Velocity Developments,8064 Moore Spring Suite 699,Saint Lucia,medium
298,Global Technologies,8546 Michael Manors Suite 741,Brazil,medium
299,Power Manufacturing,3609 Moore View,Italy,small
300,Pinnacle Designs,12903 Alejandro Pike Suite 624,Romania,medium
301,Global Vehicles,4802 Moore Coves Apt. 744,"Saint Helena, Ascension and Tristan da Cunha",small
302,Global Engineering,0945 Jones Track Suite 374,Oman,medium
303,Revolution Manufacturing,1600 Miguel Hill,Bosnia and Herzegovina,small
304,Iron Technologies,00902 Terry Common Apt. 082,Andorra,big
305,Power Fleet,19131 Reynolds Crescent,Tonga,big
306,Velocity Transport,782 Devon Landing Suite 821,Falkland Islands (Malvinas),big
307,Zenith Designs,831 Kemp Pines,Barbados,big
308,Hyper Fleet,986 Allen Square Apt. 296,Sweden,medium
309,Rapid Manufacturing,458 Smith Alley Apt. 432,San Marino,big
310,Precision Designs,77244 Monica Extensions,Saudi Arabia,big
311,Dynamic Holdings,531 Thomas Glen Suite 319,Montenegro,big
312,Titan Transport,6146 Johnson Isle,Indonesia,medium
313,Pinnacle Fleet,0684 Samantha Cape,Costa Rica,small
314,Turbo Solutions,156 Kim Grove Apt. 245,Mali,big
315,Iron Fleet,73999 Ricky Via,Central African Republic,small
316,Nova Manufacturing,0092 Jackson Lodge,Vanuatu,small
317,Hyper Innovations,830 Shawn Plains,Botswana,medium
318,Rapid Motors,955 Wilson Turnpike Apt. 652,Kazakhstan,big
319,Super Autoworks,69039 Gutierrez Lock Apt. 266,Anguilla,medium
320,Pinnacle Designs,341 Rebekah Alley Suite 212,Niue,small
321,Revolution Systems,64865 Henry Crest Suite 954,Djibouti,big
322,Super Cars,469 Vincent Rue Apt. 646,Saint Lucia,small
323,Prime Automotive,68140 Trevor Valleys,Réunion,small
324,Super Transport,587 Peters Street Suite 929,Central African Republic,big
325,Pinnacle Motors,534 Jones Court,Saint Kitts and Nevis,small
326,Global Cars,727 Mathis Wall,Türkiye,big
327,Hyper Engineering,4758 Kimberly Lake,Guinea-Bissau,medium
328,NextGen Fleet,8914 William Drive Apt. 530,Western Sahara,big
329,Precision Corp,7198 Donald Mountain,Guinea,big
330,Precision Dynamics,414 Mora Mountain,Réunion,small
331,Auto Systems,51191 Sandoval Prairie Suite 207,French Southern Territories,medium
332,Infinity Performance,3164 Reynolds Park Suite 263,Libya,big
333,Dynamic Fleet,341 Steven Lake Suite 753,Panama,small
334,NextGen Performance,2537 Collin Radial,Sweden,big
335,Super Technologies,521 Martin Knolls Apt. 165,Fiji,medium
336,Apex Tech,5034 Geoffrey Point Apt. 731,France,small
337,Nova Developments,106 Peter Oval Apt. 201,Hungary,medium
338,Precision Automotive,169 Juan Ports,Mayotte,medium
339,Elite Fleet,46287 Gallagher Road,Jamaica,big
340,Elite Works,642 Mallory Corner,Serbia,medium
341,Super Machines,857 Martin Manors,Botswana,medium
342,Power Engineering,0252 Perez Fort Apt. 276,Philippines,big
343,Pro Holdings,3152 Joel Plaza,Spain,medium
344,Future Mechanics,759 Valenzuela Shore Suite 409,Estonia,small
345,Auto Engineering,3881 Gonzales Creek,Colombia,small
346,Ultra Holdings,8889 Berg Island,French Guiana,big
347,Auto Designs,57280 Drake Alley Apt. 802,Nauru,big
348,Super Holdings,54310 Jessica Tunnel,Burkina Faso,small
349,Nova Machines,8956 Philip Canyon Apt. 907,Greece,big
350,Infinity Developments,2319 Sarah Turnpike,Afghanistan,medium
351,Apex Motors,4758 Henry Valleys Suite 847,Norway,big
352,Auto Innovations,5640 Mary Station Suite 466,Saint Barthélemy,big
353,Power Systems,73293 Molly Groves,Burundi,small
354,Evo Systems,271 Giles Mews,Sweden,small
355,Apex Cars,08011 Dylan Fords,Lesotho,medium
356,Pro Manufacturing,1167 Matthew Pike Apt. 939,"Korea, Republic of",big
357,Pro Trucks,412 Larsen Court Apt. 224,Sint Maarten (Dutch part),medium
358,Ultra Vehicles,527 Payne Throughway Apt. 600,Niger,big
359,Velocity Corp,6356 Mark Orchard,Suriname,big
360,Global Motors,3605 Jackson Corners Suite 709,Panama,small
361,Iron Works,89571 Fuentes Groves,Guinea,big
362,Power Dynamics,0607 David Viaduct Suite 549,Colombia,medium
363,Ultra Works,7095 Robert Burg,Mexico,big
364,Velocity Mechanics,92168 Kane Place Apt. 652,Spain,small
365,Titan Mechanics,211 Daniel Neck Apt. 065,United Kingdom,medium
366,Revolution Systems,9478 Larry Mission Suite 370,Grenada,small
367,Titan Works,539 Carter Estates Apt. 431,Saint Kitts and Nevis,medium
368,Precision Works,624 Page Road Apt. 601,Belgium,small
369,Revolution Designs,6119 Amanda Forge,Uruguay,medium
370,Velocity Tech,789 Kendra Valleys Apt. 999,"Micronesia, Federated States of",medium
371,Pinnacle Tech,4380 Jones Run,Faroe Islands,big
372,Fusion Corp,327 Abigail Ports,Croatia,small
373,Infinity Corp,58095 Kline Turnpike,Canada,big
374,Quantum Tech,409 Gomez Isle,Croatia,small
375,Advanced Tech,1492 Johnson Bridge Suite 063,Finland,small
376,Ultra Mechanics,740 Hannah Motorway Apt. 001,Japan,medium
377,Velocity Systems,6923 Anthony Canyon,Türkiye,small
378,Precision Systems,4260 Mccoy Path Apt. 859,Mayotte,big
379,Pinnacle Motors,067 Mary Flats,Burundi,medium
380,Quantum Industries,2933 James Hill Suite 542,Belgium,small
381,Titan Motors,640 Salinas Creek,Norfolk Island,small
382,Velocity Innovations,63662 Stephenson Spurs Suite 098,Guadeloupe,big
383,Velocity Machines,86739 Amber Drives,Christmas Island,big
384,Auto Developments,0512 Amy Glens,Peru,big
385,NextGen Autoworks,2083 Estrada Groves,Morocco,small
386,Nova Trucks,39435 Heather Grove Suite 540,Myanmar,medium
387,Advanced Tech,154 Sabrina Fort Apt. 336,United States,small
388,Fusion Transport,425 Johnson Place,Somalia,big
389,Precision Transport,614 William Street,Tuvalu,big
390,Speed Mechanics,86852 Lauren Heights,"Congo, The Democratic Republic of the",small
391,Pinnacle Vehicles,74389 Chris Union Apt. 564,Northern Mariana Islands,big
392,Future Innovations,27582 Sarah Mount Suite 759,Somalia,small
393,NextGen Motors,2406 Steven Fall Apt. 163,Heard Island and McDonald Islands,small
394,Infinity Mechanics,169 Hooper Burgs Apt. 668,Belize,big
395,Iron Fleet,32118 Kenneth Oval Apt. 629,Brazil,small
396,Pro Fleet,2052 William Rest,Tunisia,big
397,Rapid Machines,81789 Mitchell Ridges,Panama,medium
398,Evo Trucks,06485 Vickie Junctions,Romania,small
399,Velocity Machines,172 Emily Mill Suite 547,Myanmar,medium
400,Future Autoworks,5355 Browning Stravenue,Isle of Man,small
401,Turbo Tech,06984 Leon Brooks Apt. 506,Guinea,big
402,Speed Holdings,20843 Sanchez Port,Saint Barthélemy,small
403,Turbo Innovations,65401 Hill Light,Honduras,small
404,Velocity Designs,70202 Christopher Trafficway,Lebanon,medium
405,Dynamic Trucks,337 Collins Turnpike,Turkmenistan,big
406,Auto Technologies,857 John Streets Apt. 312,Qatar,medium
407,Auto Engineering,98199 Chavez Mission,Brunei Darussalam,medium
408,Turbo Automotive,98583 Cheryl Plaza Suite 698,Nicaragua,big
409,Titan Holdings,9936 Hawkins Inlet,Madagascar,medium
410,Revolution Works,9484 Griffin Radial,Denmark,small
411,Quantum Innovations,1650 Maureen Stravenue Suite 918,Iceland,medium
412,Dynamic Machines,000 Goodman Creek,Lesotho,medium
413,Quantum Machines,3484 Gonzalez Summit,Bermuda,small
414,Infinity Solutions,774 Smith Walks Suite 151,Hong Kong,big
415,Pro Works,7454 Jenna Plaza,Åland Islands,big
416,Dynamic Engineering,4711 Angela Trail Suite 555,Wallis and Futuna,small
417,Iron Developments,5247 Amber Hollow,Saint Kitts and Nevis,big
418,Ultra Transport,9515 Lindsey Village Apt. 594,Kuwait,small
419,Advanced Designs,0723 Levy Crescent Apt. 676,South Africa,small
420,Mega Trucks,0074 Heather Mountain,Japan,small
421,Evo Trucks,680 Garcia Centers,Brazil,small
422,Quantum Cars,6894 Matthew Prairie,Tunisia,big
423,Dynamic Systems,5308 Scott Station Apt. 650,"Venezuela, Bolivarian Republic of",medium
424,Apex Tech,183 Lori Plain,Jamaica,medium
425,Revolution Transport,39787 White Greens Apt. 054,Turkmenistan,big
426,Pro Motors,436 Brian Trafficway Apt. 295,Botswana,medium
427,Speed Vehicles,08292 Donald Plaza,South Georgia and the South Sandwich Islands,small
428,Mega Tech,6054 Osborne Track,Tunisia,small
429,Evo Trucks,90555 Valerie Springs,"Virgin Islands, British",small
430,Speed Motors,1635 Marsh Forest Apt. 928,"Virgin Islands, British",big
431,Apex Performance,9989 Christina Knolls,Viet Nam,medium
432,Advanced Transport,4726 Ward Island Apt. 425,Somalia,small
433,Super Works,55452 Rasmussen Flats Apt. 979,Benin,small
434,Quantum Motors,930 Taylor Mill Suite 910,Uganda,big
435,Ultra Motors,9360 Richard Oval Suite 966,Cocos (Keeling) Islands,medium
436,Future Systems,42251 Moore Ways Suite 324,French Polynesia,small
437,Rapid Systems,5758 Larry Village,United Kingdom,small
438,Velocity Engineering,2435 Michelle Road,Falkland Islands (Malvinas),big
439,Speed Industries,303 Anderson Glen Apt. 269,Algeria,small
440,Speed Corp,7920 Sandoval Manors Suite 424,Burundi,medium
441,Apex Engineering,6937 Heather Parks Suite 063,Dominica,small
442,Pro Vehicles,614 Martin Throughway Apt. 422,French Guiana,medium
443,Power Manufacturing,99201 Whitney Glen Suite 420,Guinea-Bissau,small
444,Elite Motors,516 Cook Ranch Suite 188,Nigeria,small
445,Dynamic Motors,56975 David Manor,Pitcairn,small
446,Evo Dynamics,485 Billy Crossroad,"Virgin Islands, British",medium
447,Titan Manufacturing,0558 Ryan Station Apt. 198,Malawi,big
448,Infinity Machines,58620 Samantha Route,Sierra Leone,big
449,Pinnacle Corp,69163 Davis Stream Apt. 432,Argentina,small
450,Dynamic Designs,6330 Barnes Turnpike,Jersey,big
451,Fusion Designs,195 Bright Pass,Barbados,big
452,Turbo Innovations,9390 Joseph Row,Trinidad and Tobago,small
453,Future Motors,15519 Ponce Courts,Ghana,small
454,Speed Dynamics,9116 Hernandez Islands,"Iran, Islamic Republic of",medium
455,Auto Trucks,32090 Woods Plaza,Liechtenstein,big
456,Revolution Motors,3391 Thompson Hill,"Congo, The Democratic Republic of the",small
457,Fusion Engineering,7374 Lee Mission,Russian Federation,medium
458,Advanced Vehicles,396 Jordan Loaf,Madagascar,medium
459,Velocity Fleet,98713 Fleming Port,Costa Rica,big
460,Fusion Automotive,47363 Riley Burg Suite 060,Botswana,medium
461,Titan Cars,006 Chavez Row,Sao Tome and Principe,big
462,Speed Automotive,616 Pope Cape,Nigeria,big
463,Precision Enterprises,05190 Mary Throughway Apt. 399,Sao Tome and Principe,medium
464,Speed Autoworks,1121 Angela Fort Suite 946,Réunion,medium
465,Fusion Vehicles,88713 Phillip Shoals,Suriname,big
466,Infinity Industries,33126 Fisher Rest Apt. 808,Singapore,small
467,Nova Tech,79204 Aguilar Shores Suite 965,Andorra,medium
468,Prime Transport,48835 Allen Pass,Iraq,medium
469,Apex Designs,4655 Megan Hollow Suite 313,Nicaragua,big
470,NextGen Transport,253 Leon Way Apt. 485,Mali,small
471,Hyper Manufacturing,97712 Lindsey Valleys Suite 406,Denmark,big
472,Zenith Autoworks,09206 Cook Meadow Suite 047,"Congo, The Democratic Republic of the",small
473,Super Manufacturing,02983 Rachel Stream,Trinidad and Tobago,medium
474,Advanced Holdings,2847 Dana Grove Apt. 933,Antarctica,big
475,Revolution Developments,07448 Parker Valley,Yemen,medium
476,Elite Fleet,20865 Tiffany Island,Tuvalu,medium
477,Turbo Performance,783 Archer Circle,Greece,medium
478,Turbo Performance,7231 Alexandra Road Suite 543,Niger,medium
479,Pinnacle Tech,4199 Daniel Trail,Sri Lanka,big
480,Speed Systems,5462 Jennifer Fall,Uganda,big
481,Quantum Vehicles,3498 Brian Burg,Jersey,big
482,Revolution Vehicles,7944 Gamble Curve Apt. 781,Falkland Islands (Malvinas),small
483,Evo Holdings,25638 Ramsey Road,Benin,small
484,Mega Systems,8081 Stanley Creek Suite 711,Armenia,medium
485,Advanced Innovations,262 Parrish Bypass Suite 644,Argentina,medium
486,Power Dynamics,97859 Ann Underpass,Brazil,medium
487,Revolution Vehicles,78628 Jennifer Haven,Cameroon,medium
488,Mega Manufacturing,0854 Anderson Fields,Paraguay,big
489,Iron Cars,74006 Pierce Branch Apt. 156,Lithuania,medium
490,Auto Solutions,6859 Jennifer Islands,Monaco,big
491,Speed Systems,066 Rivera Fields,Paraguay,big
492,NextGen Transport,990 Mueller Ford,Georgia,small
493,Apex Engineering,27301 Randy Manors Apt. 294,Thailand,small
494,Precision Systems,093 Tucker Creek Suite 175,Mauritania,big
495,Precision Cars,901 Hopkins Walks,Montserrat,medium
496,Auto Transport,4101 Savage Park,Papua New Guinea,medium
497,NextGen Automotive,8687 Eric Avenue,"Taiwan, Province of China",big
498,Fusion Transport,65219 Gibson Fields Suite 602,South Sudan,small
499,Dynamic Works,8469 Diana Park Apt. 747,Turkmenistan,medium
500,Pro Tech,9143 Ford Mills Apt. 751,Anguilla,medium
501,Mega Works,939 Tina Pine Suite 120,Croatia,small
502,Prime Fleet,742 Margaret Mews Suite 460,"Saint Helena, Ascension and Tristan da Cunha",medium
503,Auto Autoworks,36106 Carlson Crescent,Bulgaria,big
504,Global Enterprises,27901 John Drive Suite 233,Oman,medium
505,Evo Vehicles,007 Rivera Rue,Croatia,small
506,Prime Solutions,90036 Mueller Park,Guadeloupe,big
507,Fusion Cars,82155 Melanie Springs Apt. 884,Czechia,medium
508,Pinnacle Industries,25114 Mcdowell Pass,Norfolk Island,big
509,Auto Autoworks,215 Martinez Ferry Apt. 680,Grenada,medium
510,Pinnacle Automotive,953 Brian Bypass Apt. 351,Dominican Republic,small
511,Nova Enterprises,4701 Hall Groves,Bahrain,medium
512,Prime Systems,81554 Brown Lodge,Bangladesh,medium
513,Pro Transport,4027 Robinson Club Suite 581,Falkland Islands (Malvinas),small
514,Turbo Systems,93814 Brown Knolls,"Bolivia, Plurinational State of",small
515,Future Cars,9937 Robin Flat,Ghana,medium
516,Revolution Cars,559 Lisa Manors Apt. 566,Singapore,small
517,Future Enterprises,25668 Page Square Apt. 316,Egypt,big
518,Precision Industries,30561 Kristin Plaza,Qatar,medium
519,Super Transport,2257 Morgan Trafficway,Côte d'Ivoire,big
520,Precision Developments,6272 Taylor Plains Suite 510,Colombia,small
521,Future Systems,553 Jennifer Highway,Sint Maarten (Dutch part),big
522,Revolution Mechanics,017 Allen Mountains Apt. 313,Honduras,big
523,Ultra Manufacturing,935 Smith Square,Kuwait,small
524,Precision Systems,059 Melvin Loop Apt. 682,Montenegro,small
525,Global Engineering,8505 Christopher Oval Apt. 380,Tuvalu,small
526,Hyper Machines,1627 Armstrong Avenue,Poland,medium
527,Zenith Designs,329 Steven Fall,Northern Mariana Islands,medium
528,Infinity Holdings,08087 Price Villages Suite 599,United States Minor Outlying Islands,medium
529,Evo Systems,90777 Coleman Track,Anguilla,small
530,Elite Developments,56739 Amanda Flats,Qatar,medium
531,Ultra Designs,24882 Harrell Road Apt. 463,Northern Mariana Islands,small
532,Ultra Holdings,562 Stokes Overpass,Northern Mariana Islands,big
533,Hyper Automotive,6556 Meyers Trace,South Sudan,small
534,Nova Dynamics,403 Richardson Course Suite 066,France,big
535,Titan Innovations,636 Wilson Fords,Antarctica,medium
536,Velocity Technologies,34132 Barbara Trail Suite 542,Saudi Arabia,medium
537,Quantum Machines,870 Todd Road,Azerbaijan,big
538,Precision Motors,47438 Courtney Villages,Antarctica,big
539,NextGen Dynamics,2256 Bell Orchard Suite 297,Czechia,small
540,Pro Transport,6670 Orozco Walks,Nigeria,small
541,Rapid Technologies,0575 Leach Course Suite 496,Liechtenstein,medium
542,Advanced Engineering,715 Beltran Loop Apt. 685,Antarctica,small
543,Hyper Machines,0978 Robinson Stravenue,Seychelles,small
544,Pro Enterprises,8839 Gina Parkways,French Polynesia,big
545,Precision Engineering,80455 Shannon Stream Apt. 890,Morocco,big
546,Hyper Automotive,7498 Kelly Gateway Apt. 733,Croatia,small
547,Rapid Vehicles,3952 Kristina Fields Apt. 993,Uzbekistan,medium
548,Ultra Developments,74911 Robinson Center Suite 174,Montenegro,medium
549,Advanced Holdings,6438 Schmidt Rest Apt. 565,Luxembourg,small
550,Elite Innovations,297 Rose Union,Australia,small
551,Auto Enterprises,221 Clayton Cape Apt. 856,Somalia,big
552,Mega Enterprises,189 Johnson Flats Suite 066,Haiti,small
553,Super Corp,15684 Trevor Extensions,Mauritius,medium
554,Evo Manufacturing,875 Mary Stream Apt. 557,Panama,small
555,Nova Developments,401 White Views,Norfolk Island,big
556,Quantum Tech,482 Brittany Springs Apt. 827,Saint Pierre and Miquelon,small
557,Super Cars,85565 Sandra Villages,Ireland,small
558,Dynamic Transport,799 Tammy Rapids Suite 405,Egypt,small
559,Apex Transport,84195 Regina Prairie Apt. 425,China,big
560,Infinity Transport,65805 Bradley Mission Apt. 769,Curaçao,medium
561,Super Designs,6732 Williams Fields Apt. 702,Malta,small
562,Pinnacle Mechanics,83116 Allison Brooks,Yemen,big
563,Prime Holdings,2165 Emma Circle,Russian Federation,medium
564,Advanced Automotive,38118 Christine Branch,French Polynesia,small
565,Power Developments,7982 Huerta Hill,Belarus,big
566,Fusion Designs,4272 Hickman Shores,Libya,small
567,Zenith Solutions,29676 Bridget Rest,Equatorial Guinea,small
568,Global Autoworks,1060 Jason Inlet,Peru,medium
569,Nova Industries,309 Gray Shores,New Caledonia,big
570,Zenith Automotive,41576 Mendez Brook Apt. 199,Saint Vincent and the Grenadines,medium
571,Zenith Transport,3780 Sanchez Forks Suite 840,Montenegro,big
572,Nova Holdings,3335 Colleen Cove Apt. 135,"Venezuela, Bolivarian Republic of",medium
573,NextGen Fleet,643 Samuel Mount,India,big
574,Zenith Developments,188 Heather Valley,Guatemala,medium
575,Revolution Enterprises,214 Whitehead Ford Apt. 133,Ghana,small
576,Rapid Motors,0128 Stephenson Greens Apt. 113,Philippines,medium
577,Quantum Dynamics,27379 Garcia Lake,Cook Islands,medium
578,Mega Autoworks,206 Robin Station Apt. 658,Portugal,medium
579,Turbo Mechanics,353 Li Causeway,Hong Kong,medium
580,Future Vehicles,708 Harris Ville Apt. 057,Canada,small
581,Speed Transport,964 Jeffrey Brook,Antarctica,big
582,Speed Corp,37494 Smith Ridge Suite 410,Slovakia,medium
583,NextGen Manufacturing,0210 Collins Cliffs,Romania,small
584,Auto Automotive,39905 Munoz Turnpike,Cambodia,small
585,Revolution Designs,89764 John Keys Suite 263,Tuvalu,medium
586,Infinity Fleet,04983 Hernandez Bridge Suite 430,Azerbaijan,medium
587,Ultra Systems,279 Martha Villages,Zimbabwe,medium
588,Fusion Tech,6818 Robinson Greens Apt. 594,Romania,medium
589,Revolution Automotive,45844 Washington Squares Apt. 632,Côte d'Ivoire,medium
590,Precision Innovations,5877 Clark Plains,Timor-Leste,big
591,Auto Manufacturing,1397 Howe Terrace Apt. 001,Iraq,big
592,Fusion Engineering,658 Christopher Hill,Antarctica,small
593,Speed Autoworks,0488 Watson Mountains Apt. 830,Morocco,medium
594,Nova Enterprises,339 Erica Haven Apt. 656,Belarus,big
595,Speed Mechanics,96726 Jerry Landing Suite 715,Singapore,small
596,Titan Holdings,240 Alexandria Green Apt. 171,Papua New Guinea,small
597,Rapid Tech,524 Aaron Forges Suite 825,Norfolk Island,big
598,Infinity Corp,43806 Roberts Grove Apt. 009,Senegal,big
599,Hyper Works,80829 Dorsey Extensions,Puerto Rico,big
600,Nova Performance,707 Hensley Wells,Samoa,medium
601,Ultra Transport,513 Eric Harbors,Paraguay,big
602,Infinity Machines,7435 Derek Neck Apt. 836,Dominica,small
603,Quantum Vehicles,3547 Holly Lane Suite 639,French Polynesia,big
604,Fusion Autoworks,9807 Robert Ranch,Kyrgyzstan,small
605,Auto Fleet,09421 Joseph Brooks,Eritrea,big
606,Power Corp,1665 Heather Ville Apt. 297,Luxembourg,big
607,Power Industries,7829 Jill Haven Suite 912,Philippines,small
608,Evo Enterprises,385 Velazquez Isle Apt. 570,Heard Island and McDonald Islands,small
609,Apex Mechanics,24423 Michael Springs,Albania,medium
610,Prime Enterprises,90838 Huff Extensions,Mongolia,big
611,Rapid Transport,7378 Park Forks Apt. 876,Mongolia,big
612,Turbo Corp,1123 Ferguson Circle Suite 287,Sri Lanka,small
613,Iron Fleet,32390 Bailey Orchard,Cocos (Keeling) Islands,medium
614,Quantum Solutions,9551 Reid Cliffs Suite 959,Benin,medium
615,Elite Engineering,1102 Lang Garden Apt. 181,Viet Nam,medium
616,Prime Solutions,6457 Kathryn Freeway Suite 565,"Korea, Republic of",small
617,Rapid Technologies,10592 Nicole Hollow,Burundi,small
618,Mega Holdings,385 Madeline Dam Suite 621,Rwanda,medium
619,Revolution Vehicles,655 Fields Mews Suite 306,Italy,medium
620,Global Cars,1238 Timothy Prairie,Hong Kong,big
621,Zenith Cars,7828 Miller Vista,Papua New Guinea,big
622,Prime Technologies,6858 Bradley Brooks,Oman,medium
623,Super Transport,623 Darlene Vista Suite 982,Liberia,small
624,NextGen Industries,031 John Crescent,Malaysia,small
625,Apex Solutions,033 Jeff Lodge,Lesotho,medium
626,Rapid Industries,59156 William Center Apt. 044,Senegal,small
627,Super Vehicles,15542 Douglas Throughway,Mayotte,small
628,Precision Holdings,311 Moore Ramp,Côte d'Ivoire,medium
629,Dynamic Developments,820 Andre Drives Apt. 590,Benin,small
630,Prime Manufacturing,842 Rivera Crest,Georgia,medium
631,Hyper Enterprises,048 Perry Island Suite 400,Dominica,medium
632,Apex Transport,210 John Crest Apt. 384,Georgia,big
633,Precision Engineering,7799 Lewis Springs Apt. 352,Honduras,small
634,Power Motors,08668 Lewis Hill Apt. 205,Iraq,big
635,Revolution Engineering,18110 Dylan Wall,Cabo Verde,small
636,Speed Holdings,71399 Lindsay Expressway Apt. 974,Dominica,big
637,Global Vehicles,928 Leach Cove Apt. 182,"Micronesia, Federated States of",small
638,Elite Systems,09043 Jordan Mission Suite 349,Montenegro,medium
639,Advanced Manufacturing,4739 Rodriguez Lock Apt. 159,Sao Tome and Principe,medium
640,Fusion Automotive,081 Jennifer Knolls,Sweden,small
641,NextGen Systems,356 Brandon Stream,Ecuador,big
642,Apex Tech,4469 Reyes Drives Apt. 012,Turks and Caicos Islands,small
643,Global Corp,9587 Davila Flats,Nicaragua,small
644,Ultra Vehicles,58679 Hudson Village Apt. 242,"Korea, Democratic People's Republic of",big
645,Dynamic Innovations,2914 Torres Mews Apt. 738,Cyprus,medium
646,Advanced Technologies,09841 Harmon Lake Suite 596,Uruguay,big
647,Pinnacle Performance,0019 Rodriguez Junction,Haiti,small
648,Revolution Corp,5552 Morgan Glens,Myanmar,big
649,Future Designs,442 Richards Forges Apt. 347,Guadeloupe,small
650,Quantum Machines,2400 Michael Shoals,Kiribati,big
651,Velocity Systems,704 Shelley Forge,Uganda,big
652,Quantum Solutions,1147 Torres Underpass,Mayotte,small
653,Speed Developments,821 David Groves Apt. 894,Burundi,big
654,Velocity Systems,763 Hill Groves,Wallis and Futuna,big
655,Prime Holdings,43146 Morgan Street Apt. 183,Bulgaria,big
656,Dynamic Fleet,3954 Derek Avenue,Réunion,medium
657,Advanced Innovations,4945 Diane Bridge Suite 207,Italy,medium
658,Precision Tech,67107 Perez Crossroad Suite 715,Central African Republic,small
659,Iron Fleet,477 Edwards Inlet Apt. 111,Heard Island and McDonald Islands,medium
660,Rapid Autoworks,671 Massey Brooks,Kenya,medium
661,Evo Corp,68525 John Lock,Mauritania,medium
662,Elite Motors,52712 Frank Ways,Burkina Faso,medium
663,Global Innovations,4429 Philip Station,Cocos (Keeling) Islands,medium
664,Iron Mechanics,6914 Fernandez Light,Peru,small
665,Evo Developments,1734 Smith Valley Apt. 105,Maldives,big
666,Evo Holdings,40114 Short Street Apt. 645,Antigua and Barbuda,small
667,Pinnacle Engineering,6984 Kim Squares Apt. 742,Hong Kong,big
668,Power Cars,224 Hill Island,Dominican Republic,big
669,Advanced Corp,31958 Joseph Run,Ireland,big
670,NextGen Vehicles,1243 Carly Falls Apt. 003,Iceland,medium
671,Pinnacle Mechanics,071 Gonzalez Knolls,Denmark,medium
672,Pro Dynamics,38892 Cruz Ville Apt. 899,Costa Rica,big
673,Prime Corp,726 Gerald View Apt. 592,Comoros,small
674,Rapid Works,9664 Richard Prairie Suite 837,Croatia,small
675,Elite Works,97805 Waters Islands,Australia,medium
676,Infinity Works,949 Bruce Cliff Suite 243,Sint Maarten (Dutch part),medium
677,Auto Works,93046 Miller Rest,Philippines,small
678,Elite Industries,23162 Jones Turnpike,Guernsey,big
679,Infinity Innovations,9183 Hutchinson Mount,Iraq,big
680,Quantum Innovations,21478 Rachel Forge Suite 792,Antarctica,medium
681,Precision Innovations,80838 Johnson Curve Apt. 813,Liechtenstein,medium
682,Zenith Solutions,5316 Jennifer Divide,Ethiopia,small
683,Pro Performance,9645 Jill Stravenue,Ukraine,big
684,Infinity Manufacturing,6533 Robert Road Apt. 643,Jordan,small
685,Velocity Tech,55904 Makayla Dale,Australia,big
686,Fusion Industries,283 Murray Manors,Rwanda,big
687,Velocity Trucks,227 Jennifer Rapid,"Bolivia, Plurinational State of",small
688,Auto Developments,2039 Clark Alley,Türkiye,medium
689,Nova Vehicles,814 Williams Trail Suite 707,Libya,big
690,Speed Solutions,295 Murphy Circle,Puerto Rico,medium
691,Rapid Systems,90164 Darrell Freeway,Bermuda,big
692,Hyper Solutions,8683 Peter Cliffs Suite 707,Belgium,big
693,Super Cars,33498 Christopher Throughway,Cook Islands,small
694,Prime Manufacturing,2001 Troy Court Apt. 365,Mali,small
695,Prime Transport,98978 Newman Shoals Suite 404,"Saint Helena, Ascension and Tristan da Cunha",small
696,Velocity Solutions,065 Thomas Keys,Peru,big
697,Infinity Developments,28992 Mcdaniel Village,Sao Tome and Principe,big
698,Dynamic Engineering,34213 Christopher Mission Suite 502,Guatemala,big
699,NextGen Mechanics,3004 Robyn Camp,Andorra,small
700,Apex Automotive,5916 Morris Junctions Suite 553,"Tanzania, United Republic of",big
701,Fusion Engineering,730 Joshua Knolls Apt. 997,Algeria,small
702,Pro Innovations,3028 Thompson Vista Suite 494,South Sudan,big
703,Apex Systems,519 Sutton View,Georgia,big
704,Nova Systems,938 Jon Passage Apt. 583,Tokelau,big
705,Revolution Technologies,3658 Salas Isle Suite 643,Iceland,big
706,Precision Engineering,1572 Gardner Corner,Viet Nam,medium
707,NextGen Designs,21458 Matthew Alley Apt. 571,Viet Nam,medium
708,Auto Innovations,3400 Ryan Springs,Nicaragua,big
709,Pro Innovations,0890 Allen Spur Suite 426,Sint Maarten (Dutch part),small
710,Revolution Fleet,36114 Matthew Squares,Luxembourg,small
711,Fusion Trucks,1131 Krista Flats,Türkiye,medium
712,Dynamic Works,83438 Joshua Village Apt. 397,"Venezuela, Bolivarian Republic of",small
713,Prime Motors,95094 Rebecca Brook,"Bonaire, Sint Eustatius and Saba",small
714,Titan Works,985 Richard Dam Suite 882,Niue,big
715,Pro Manufacturing,37579 Scott Streets Apt. 740,Turkmenistan,big
716,Apex Solutions,058 Horn View,Latvia,big
717,Infinity Engineering,30564 Rose Junction Apt. 521,"Korea, Republic of",big
718,Speed Holdings,45615 Mary Parkways Suite 452,"Saint Helena, Ascension and Tristan da Cunha",big
719,Apex Holdings,37153 Buchanan Extension,Curaçao,medium
720,Rapid Machines,388 Lopez Squares Apt. 778,Chad,big
721,Prime Tech,980 Frank Squares Suite 676,Zimbabwe,big
722,Velocity Cars,95224 Brandi Vista Suite 195,Mali,big
723,Evo Performance,965 Betty Turnpike,Liechtenstein,small
724,Auto Cars,166 Rivera Port Suite 671,Guernsey,medium
725,Quantum Designs,7723 Janet Roads,Oman,medium
726,Zenith Dynamics,98298 Walker Point Suite 720,Réunion,medium
727,Mega Enterprises,8107 Simmons Stravenue Suite 708,Holy See (Vatican City State),medium
728,Advanced Corp,9857 Moyer Harbor Apt. 113,Uganda,big
729,Apex Engineering,45828 Perez Passage,Maldives,small
730,Global Solutions,50246 Brown Skyway,Switzerland,medium
731,Velocity Trucks,142 Joyce Square Suite 775,Madagascar,small
732,Hyper Engineering,55929 Newton Isle,Egypt,medium
733,Velocity Mechanics,862 Hutchinson Run Suite 630,Trinidad and Tobago,big
734,Pro Works,40049 Melissa Rapid Apt. 855,Cameroon,big
735,Mega Vehicles,89402 Laura Well Suite 194,Fiji,medium
736,Revolution Dynamics,9390 Gardner Meadow,Saint Vincent and the Grenadines,small
737,Turbo Manufacturing,671 Scott Springs Apt. 517,Turkmenistan,medium
738,Rapid Corp,661 Hayden Row Suite 500,Suriname,medium
739,Apex Performance,2749 Delgado Island,Martinique,medium
740,Apex Solutions,152 Johnson Mount Suite 453,Mongolia,small
741,Apex Mechanics,3981 Tonya Lights,Sao Tome and Principe,small
742,Dynamic Tech,06959 Thompson Lodge Suite 384,"Bolivia, Plurinational State of",big
743,Velocity Engineering,956 Ball Unions Apt. 630,Ecuador,small
744,Velocity Works,5838 Theresa Terrace,Marshall Islands,big
745,Dynamic Enterprises,12245 Kimberly Viaduct Apt. 998,New Zealand,big
746,Iron Performance,67047 Mccoy Vista Suite 968,"Venezuela, Bolivarian Republic of",medium
747,Mega Machines,7430 Carter Village,Papua New Guinea,big
748,Super Cars,976 Acosta Rapids Apt. 549,"Tanzania, United Republic of",medium
749,Velocity Transport,83417 John Expressway Suite 879,"Venezuela, Bolivarian Republic of",small
750,Elite Developments,926 Joseph Roads,Liechtenstein,big
751,Power Machines,55131 Williams Loaf Suite 328,Honduras,medium
752,Evo Systems,8338 Nicholson Estates,United States,small
753,Prime Motors,044 Aaron Hill Suite 506,"Bonaire, Sint Eustatius and Saba",small
754,Hyper Performance,039 Dustin Flats,"Bolivia, Plurinational State of",medium
755,Elite Developments,5113 Miller Fall Apt. 837,Thailand,medium
756,Revolution Fleet,9838 Merritt Passage,Bouvet Island,medium
757,Advanced Works,1906 Melvin Hill Apt. 052,Brazil,small
758,Global Industries,58058 Ashley Island,Belgium,medium
759,NextGen Machines,101 Porter Road,Finland,small
760,Fusion Cars,5502 Davis Junctions Apt. 650,Libya,small
761,Velocity Performance,9257 Allen Prairie Apt. 938,Niger,small
762,Dynamic Industries,19267 Nicole Spring,Marshall Islands,big
763,Dynamic Autoworks,910 Leon Centers Apt. 207,Guam,small
764,Apex Cars,62032 Jason Cliff,Jersey,medium
765,Fusion Enterprises,036 Benson Branch,Suriname,small
766,NextGen Manufacturing,640 Bush Wells Apt. 731,Nigeria,medium
767,Mega Holdings,0561 White Ridge,Central African Republic,medium
768,Pinnacle Trucks,2684 Sharon Mall Apt. 508,Tonga,big
769,Pinnacle Motors,6977 Stokes Neck Apt. 053,San Marino,big
770,Zenith Cars,4664 Martinez Garden,Romania,big
771,Future Systems,738 Prince Parks,Saint Barthélemy,small
772,Evo Designs,870 Heidi River,Saint Barthélemy,big
773,Titan Autoworks,391 Edward Port,Curaçao,big
774,Titan Cars,34997 Ramirez Spur Suite 386,Bangladesh,big
775,Elite Performance,08249 Walker Union,El Salvador,medium
776,Rapid Automotive,089 Trevor Plains,Malawi,big
777,Infinity Solutions,56678 Patterson Trail,"Tanzania, United Republic of",big
778,Super Industries,8459 Smith Villages Apt. 516,Côte d'Ivoire,small
779,Fusion Innovations,775 Eric Locks Apt. 123,"Tanzania, United Republic of",medium
780,NextGen Systems,7943 Brown Divide Apt. 955,Liberia,medium
781,Rapid Innovations,1743 Ortiz Mews,United States Minor Outlying Islands,medium
782,Ultra Corp,1735 Mary Mills,Timor-Leste,big
783,Turbo Dynamics,680 Edward Forges Suite 101,Eswatini,medium
784,Fusion Fleet,85150 Theodore Cliffs,Congo,big
785,Apex Innovations,440 Susan Oval,Tunisia,small
786,Zenith Industries,50075 Williams Path,Croatia,big
787,Prime Manufacturing,81378 Brian Mills,"Korea, Republic of",medium
788,Turbo Developments,02737 Theresa Well,Estonia,big
789,Power Developments,869 Wolf Garden Apt. 146,Aruba,small
790,Hyper Transport,2449 Smith Via Apt. 370,North Macedonia,big
791,Quantum Innovations,5170 Hayes Park,Norway,small
792,Fusion Cars,9432 King Corners,Cuba,small
793,Evo Systems,6815 Christian Meadow,Liechtenstein,small
794,Ultra Designs,6664 Rachel Track Suite 052,Sweden,small
795,Apex Automotive,840 Shelton Bridge Apt. 035,United Kingdom,medium
796,Evo Industries,30399 Michael Plains,Sint Maarten (Dutch part),small
797,Speed Vehicles,1726 Michael Fall Suite 500,Libya,big
798,Zenith Innovations,89826 Elliott Overpass Apt. 357,Aruba,medium
799,Iron Corp,684 Potts Haven Suite 910,Algeria,medium
800,Quantum Transport,6863 Nicholas Well,Saint Lucia,medium
801,Revolution Fleet,573 Herrera Run,Cook Islands,medium
802,Rapid Works,037 Crawford Harbor,"Virgin Islands, U.S.",small
803,Revolution Transport,104 Melissa Coves Apt. 895,Djibouti,medium
804,Revolution Autoworks,76150 Eric Vista,Mongolia,medium
805,NextGen Automotive,67625 Boyle Place,Trinidad and Tobago,medium
806,Rapid Developments,5932 Gordon Hill,Martinique,big
807,Turbo Developments,68514 Clark Springs Suite 510,Liberia,small
808,Hyper Fleet,031 Mcknight Creek Suite 604,Azerbaijan,big
809,Ultra Transport,963 Howe Drive,Algeria,small
810,Auto Transport,86182 Seth Extensions Suite 290,South Georgia and the South Sandwich Islands,medium
811,NextGen Manufacturing,6038 Melissa Park Apt. 377,Saint Kitts and Nevis,small
812,Precision Designs,1439 Lopez Corners,Viet Nam,medium
813,Precision Enterprises,63401 Lara Forges,Sierra Leone,medium
814,Speed Developments,0212 Sean Land,Serbia,small
815,Power Works,241 Flores Highway,"Korea, Republic of",medium
816,Advanced Tech,813 Samantha Lodge Apt. 913,Cyprus,medium
817,Auto Trucks,6460 Philip Harbors,Central African Republic,medium
818,Apex Innovations,1019 Justin Brook,Syrian Arab Republic,small
819,Auto Developments,982 Davis Ville Apt. 906,Niue,big
820,Speed Enterprises,30113 Rebecca Walks,Brazil,big
821,Rapid Dynamics,559 Ryan Light Suite 652,Philippines,big
822,Global Technologies,36627 Beck Rue,Uzbekistan,big
823,Revolution Technologies,5306 Thompson Shoal,Slovenia,small
824,Turbo Designs,565 White Trafficway,South Georgia and the South Sandwich Islands,small
825,Quantum Designs,1698 Judy Hills,Italy,small
826,Dynamic Manufacturing,94558 Pollard Lodge,Malaysia,medium
827,Precision Performance,51355 Laura Camp Suite 815,Greenland,small
828,Pro Technologies,014 Scott Harbor Suite 181,Pakistan,big
829,Titan Works,118 Caitlin Curve,"Korea, Republic of",big
830,Precision Fleet,112 Marie Keys Apt. 487,Western Sahara,big
831,Quantum Works,80435 Patrick Islands Suite 092,Colombia,small
832,Zenith Manufacturing,44235 Ann Way Apt. 759,Montserrat,medium
833,Zenith Innovations,42040 Megan Inlet,Colombia,big
834,Nova Dynamics,566 Deborah Ridge Apt. 967,Canada,small
835,Ultra Works,9717 Merritt Mews Apt. 474,Austria,big
836,Titan Systems,9296 Devin Path,Northern Mariana Islands,medium
837,Precision Automotive,35447 Buck Ranch,"Moldova, Republic of",medium
838,Elite Trucks,4468 Matthews Haven,French Guiana,small
839,Hyper Designs,31348 Rebecca Mall Apt. 983,Côte d'Ivoire,medium
840,Future Industries,1966 Sergio Bridge,Haiti,small
841,Titan Autoworks,57334 Lee Drive Apt. 737,United Arab Emirates,medium
842,Velocity Manufacturing,54024 Crystal Pass,Spain,medium
843,Nova Dynamics,3780 Rodriguez Harbors,British Indian Ocean Territory,small
844,Iron Trucks,753 Jack Burgs,Estonia,medium
845,Titan Dynamics,59512 Cooley Pines Apt. 825,Timor-Leste,big
846,Iron Developments,220 Torres Flats Apt. 470,Benin,big
847,Super Cars,190 Jackson Ports Suite 027,Sweden,medium
848,Titan Engineering,8758 Webb Groves Apt. 631,Philippines,medium
849,Quantum Developments,1666 Matthew Unions,Vanuatu,medium
850,Global Mechanics,58244 Sonya Centers Apt. 845,Cook Islands,big
851,Advanced Trucks,463 Martin Unions Suite 204,Israel,big
852,Turbo Transport,3896 Robert Mount,Suriname,big
853,Quantum Innovations,6103 Smith Prairie Apt. 262,French Guiana,big
854,Speed Cars,9802 Paula Rapids,Saint Barthélemy,big
855,Global Vehicles,4496 Chris Brooks,Nigeria,medium
856,Nova Machines,88058 Samantha Islands Apt. 981,Nepal,medium
857,Global Holdings,7899 Elliott Mountain Apt. 918,French Southern Territories,big
858,Elite Trucks,006 Conrad Neck,Netherlands,medium
859,Turbo Designs,50693 Richards Course,Malawi,medium
860,NextGen Holdings,9624 Heather Burgs,Brunei Darussalam,big
861,Hyper Enterprises,8350 Raymond Motorway,Australia,medium
862,Future Performance,64043 Oscar Shore Apt. 538,Afghanistan,medium
863,Infinity Machines,6603 Nathan Estates,Greece,big
864,Speed Automotive,818 Penny Pike Suite 702,Djibouti,medium
865,Infinity Motors,3726 Villanueva Circle,Morocco,medium
866,Power Vehicles,37126 Jeffrey Lodge Suite 448,Saint Martin (French part),big
867,Rapid Transport,76632 Zhang Club,Anguilla,big
868,Nova Solutions,3512 William Center,Lebanon,small
869,Nova Automotive,19691 Rose Plaza Apt. 911,Germany,small
870,Zenith Solutions,69990 Stewart Squares,Cyprus,big
871,Ultra Motors,078 Watson Station Apt. 404,Curaçao,medium
872,Dynamic Vehicles,24381 Danielle Fort Suite 610,Greenland,small
873,Power Machines,12688 Scott Unions,Somalia,small
874,Fusion Mechanics,31429 Roger Wall Suite 884,"Congo, The Democratic Republic of the",big
875,Pro Technologies,4856 Julie Village Apt. 712,Myanmar,small
876,Pinnacle Cars,1646 Kyle Passage Suite 908,Eswatini,small
877,Elite Works,273 Schultz Canyon Apt. 494,El Salvador,big
878,Power Engineering,972 Miller Centers,Mongolia,medium
879,Nova Industries,65501 Debra Lakes,United States Minor Outlying Islands,small
880,Titan Corp,0519 Pearson Ranch Suite 271,Bahrain,big
881,Nova Tech,76784 Mullen Manors Suite 076,Jamaica,small
882,Power Cars,453 James Street,Ireland,small
883,Speed Trucks,75457 Aaron Burgs Suite 469,"Korea, Democratic People's Republic of",big
884,Auto Cars,3919 Debra Radial,Luxembourg,big
885,Rapid Enterprises,4562 Bennett Prairie,Anguilla,small
886,Turbo Transport,865 Cook Court,Libya,small
887,Infinity Systems,3317 Adam Road,Canada,small
888,Speed Engineering,0432 Amanda Islands,"Tanzania, United Republic of",small
889,Auto Industries,199 Johnson Wall Suite 116,Luxembourg,big
890,Zenith Motors,9549 John Groves Apt. 808,Egypt,small
891,Ultra Solutions,080 Charles Rue Suite 778,French Southern Territories,small
892,Velocity Motors,2872 Owens Circles,Cocos (Keeling) Islands,small
893,Dynamic Vehicles,76910 Oneill Prairie Apt. 192,Kuwait,medium
894,Prime Fleet,90106 Cooper Landing Suite 791,South Africa,medium
895,Power Innovations,12707 Fernandez Ranch,Dominica,small
896,Apex Works,261 William Forks,Mayotte,small
897,Elite Cars,011 Kayla Ridge,Suriname,big
898,Speed Developments,51525 Brianna Causeway Suite 192,Ukraine,big
899,Advanced Technologies,2827 Taylor Cape Apt. 455,Estonia,small
900,Velocity Corp,9645 Jessica Mountains,Cyprus,medium
901,Quantum Cars,43074 Smith Land Apt. 983,Thailand,medium
902,Prime Solutions,61241 Jackson Walks Apt. 976,Mozambique,medium
903,Apex Manufacturing,3811 Flores Parks Suite 656,Slovakia,medium
904,Turbo Works,3014 Mills Island Suite 571,Saint Lucia,big
905,Titan Vehicles,91630 Hall Courts,Qatar,medium
906,Velocity Tech,4103 Esparza Brooks Apt. 894,Réunion,big
907,Power Designs,33411 Steven Brooks,Slovenia,medium
908,Evo Innovations,56657 Christina Rest Apt. 363,Norway,big
909,Turbo Manufacturing,8194 Gregory Squares,Australia,medium
910,Iron Performance,3160 Lisa Isle,Belgium,small
911,Infinity Solutions,229 John Square Apt. 403,Saint Barthélemy,big
912,Global Dynamics,9651 Carlson Ville,Turks and Caicos Islands,medium
913,Hyper Mechanics,679 Stacie Ville,Costa Rica,medium
914,Prime Dynamics,76436 Jackson Courts,Uzbekistan,big
915,Velocity Dynamics,042 Paul Fort Apt. 623,Estonia,big
916,Ultra Tech,5991 Kathleen Valleys,Sint Maarten (Dutch part),small
917,Ultra Mechanics,64458 Jamie Street Apt. 503,Suriname,medium
918,Iron Designs,91819 Johnson Burgs Suite 615,Nigeria,big
919,Precision Automotive,720 Jacob Dam,Mexico,big
920,Auto Transport,732 Woods Groves Suite 618,France,medium
921,Auto Manufacturing,9112 Clarke Mills Apt. 373,Djibouti,medium
922,Auto Automotive,46488 Jonathan Neck,Namibia,big
923,Turbo Designs,730 Jones Orchard,Iceland,medium
924,Pro Transport,70073 Megan Plains Apt. 603,Myanmar,small
925,Hyper Innovations,88865 Kline Corner Apt. 731,British Indian Ocean Territory,medium
926,NextGen Performance,724 Brenda Squares,Armenia,big
927,Mega Manufacturing,504 Robin Radial,Uzbekistan,small
928,Evo Tech,568 Andrews Prairie,Côte d'Ivoire,big
929,Precision Dynamics,17530 Mary Lane Apt. 956,Andorra,medium
930,Velocity Cars,4671 Winters Stream Suite 332,Cabo Verde,small
931,Zenith Technologies,575 Meadows Hills,Antarctica,small
932,Mega Automotive,5593 Smith Dale,United States Minor Outlying Islands,medium
933,Infinity Manufacturing,56231 Johnston Green,Chad,big
934,Fusion Solutions,60921 Taylor Forks Apt. 755,Honduras,big
935,Evo Innovations,559 Carlos Inlet Apt. 035,Cayman Islands,medium
936,Quantum Solutions,722 Julie Pass Apt. 266,Zimbabwe,big
937,Advanced Vehicles,79461 James Point Suite 692,Western Sahara,small
938,Pro Corp,9686 Logan Junction Apt. 604,Sint Maarten (Dutch part),medium
939,Ultra Mechanics,632 Kara Terrace Suite 249,Jersey,small
940,Global Systems,344 Samantha Parkway Suite 309,Gibraltar,big
941,Prime Engineering,9784 Vaughan Knoll Apt. 025,Afghanistan,big
942,Nova Cars,134 Larson Camp,Isle of Man,small
943,Hyper Works,51743 Ford Park Apt. 451,Viet Nam,medium
944,Quantum Designs,9493 Tara Circles Apt. 540,Bosnia and Herzegovina,medium
945,Ultra Vehicles,6658 Troy Dam,Congo,big
946,Speed Solutions,894 Jill Islands,Denmark,big
947,Infinity Engineering,68186 Jon Dale Apt. 213,Kenya,big
948,Ultra Industries,0816 Austin Turnpike Suite 116,Lebanon,small
949,Apex Fleet,207 Ivan Meadow,Sao Tome and Principe,big
950,Auto Engineering,9667 Derrick Cliff Apt. 774,South Georgia and the South Sandwich Islands,big
951,Ultra Machines,958 Laura Extension Suite 061,Israel,big
952,Iron Trucks,07785 Gordon Prairie,Bahamas,small
953,Revolution Manufacturing,4308 Davis Estates Suite 529,Marshall Islands,medium
954,Power Corp,1272 Sara Meadow Suite 708,Argentina,small
955,Velocity Automotive,608 Wang Port Suite 909,Rwanda,medium
956,NextGen Manufacturing,2477 Evans Park,Italy,medium
957,Global Fleet,21036 James Station,Saint Barthélemy,medium
958,Mega Works,83488 Christina Lodge,Switzerland,medium
959,Auto Industries,119 Perkins Union,Guadeloupe,small
960,Pinnacle Dynamics,017 Bell Loop Apt. 038,"Congo, The Democratic Republic of the",medium
961,Revolution Systems,025 Lee Squares,United Kingdom,medium
962,Iron Trucks,2125 Rachel Union,Sweden,medium
963,Zenith Tech,91446 Edwards Landing,"Korea, Democratic People's Republic of",medium
964,Velocity Solutions,833 David Way,Romania,medium
965,Elite Motors,24903 Jennifer Light Suite 483,Djibouti,medium
966,Power Developments,23609 Davis Creek,Macao,small
967,Turbo Automotive,6311 Anderson Plaza,Qatar,small
968,NextGen Mechanics,4809 Sullivan Isle Apt. 558,Cuba,big
969,Titan Solutions,3759 Sanders Drive Suite 333,Sri Lanka,small
970,Advanced Manufacturing,06871 Combs Route Suite 933,Heard Island and McDonald Islands,medium
971,Power Mechanics,48010 Larry Station,Chad,small
972,Quantum Enterprises,3702 Montgomery Trafficway,Andorra,medium
973,Global Trucks,3085 Downs Crescent,Australia,small
974,Prime Industries,518 Porter Loaf,Morocco,big
975,Infinity Holdings,6390 Taylor Lock Suite 484,China,medium
976,Speed Motors,8190 Kennedy Forges,Vanuatu,medium
977,Super Trucks,8298 Francisco Unions,Syrian Arab Republic,big
978,Nova Manufacturing,507 Lee Club Apt. 936,Sri Lanka,small
979,Iron Fleet,0623 Laura Centers,Burkina Faso,small
980,Advanced Enterprises,87448 Wilson Prairie,Paraguay,small
981,Apex Designs,39502 Harper Stravenue,"Iran, Islamic Republic of",big
982,Infinity Autoworks,8554 Alexander Point Apt. 605,Mozambique,big
983,Hyper Industries,613 Danielle Plaza Suite 485,Heard Island and McDonald Islands,big
984,Revolution Solutions,34517 Sylvia Trail,Thailand,small
985,Turbo Mechanics,18214 Mack Fords,New Zealand,big
986,Titan Transport,1092 Alexis Ville,San Marino,medium
987,Advanced Designs,42399 Carla Islands,Trinidad and Tobago,small
988,Power Innovations,8982 Holmes Highway Apt. 671,Japan,medium
989,Rapid Innovations,2574 Bradley Loaf,Canada,medium
990,Precision Systems,3819 Michael Falls,"Virgin Islands, U.S.",medium
991,Dynamic Manufacturing,52991 Charles Rue Apt. 936,Jersey,medium
992,Mega Machines,511 Weaver Ranch,Armenia,small
993,Global Designs,637 Chad Streets Apt. 079,Guinea-Bissau,big
994,Velocity Trucks,141 Duane Field Apt. 807,Saint Pierre and Miquelon,small
995,Zenith Industries,37392 Janet Fields,Sudan,small
996,Iron Corp,13271 Stevens Way,Finland,big
997,Advanced Mechanics,24494 Boyer Drive,Oman,small
998,NextGen Machines,07272 Mark Mews,Djibouti,big
999,Future Engineering,43287 Steven Ports,Maldives,big
1000,Fusion Technologies,406 Johnson Forges Apt. 132,France,small
